country,best_fresh_grad_path,mba_work_experience_norm,typical_program_duration,indicative_tuition_2026_snapshot,indicative_living_cost,teaching_language,admissions_tests,english_test,student_work_rights,post_study_work,employer_sponsorship,permanent_residence_outlook,tech_business_job_market,scholarship_depth,startup_ecosystem,major_risks,recommendation,official_source_urls,last_verified
"US","STEM-designated Business Analytics; tech-management hybrid","MBA cohorts generally expect several years; deferred MBA permits final-year application then work","10-24 months","USD 60k-100k+; program-specific and unstable","High; city-specific","English","GRE/GMAT varies; many specialist programs optional","Program-specific; waivers vary","F-1 on-campus generally up to 20 hours/week in session; CPT/OPT rules apply","Usually 12-month post-completion OPT; qualifying STEM degree may add 24-month extension","H-1B or other employer route after OPT; selection and policy risk","Possible but employer/visa dependent; not a study-to-PR promise","World-leading analytics/product market; strongest upside","Strong at elite institutions but highly competitive","World-leading","Very high total cost; STEM designation must be verified; sponsorship uncertainty","Dream only with major aid or confirmed funding; prefer specialist STEM master's over immediate MBA","https://www.uscis.gov/node/92821; https://studyinthestates.dhs.gov/stem-opt-hub","2026-07-12"
"UK","MiM; Business Analytics; Innovation/Entrepreneurship","Top MBAs generally value 3+ years; specialist MSc welcomes fresh graduates","Usually 12 months","GBP 25k-50k+; unstable","High; London highest","English","GRE/GMAT program-specific","IELTS/TOEFL/PTE or waiver, program-specific","Student permission commonly allows limited term-time work; verify visa conditions","18 months for non-doctoral Graduate applications on/after 2027-01-01 under current rules","Skilled Worker requires eligible sponsored job after Graduate route","Possible through qualifying work routes; not automatic","Deep consulting/finance/product market; competition high","Chevening/Commonwealth/GREAT plus university awards","Very strong, especially London","High cost; Graduate route shortened for 2027 onward; housing","Strong target only with scholarship/cost control; one-year format reduces time to recruit","https://www.gov.uk/guidance/immigration-rules/immigration-rules-appendix-graduate; https://www.gov.uk/student-visa","2026-07-12"
"Canada","Master's in Management Analytics; tech/business master's","MBA usually expects work; specialist master's fits fresh graduates","12-24 months","CAD 30k-80k+; unstable","High in Toronto/Vancouver","English; French in parts","GRE/GMAT varies","IELTS/TOEFL/PTE varies","Eligible students may work under study-permit conditions; current limits must be rechecked","Eligible master's of at least 8 months may receive 3-year PGWP under current rules; verify DLI/program","Employer permit not normally needed during valid open PGWP; later route varies","Multiple economic pathways but criteria/quotas change","Strong tech/analytics hubs; softer market cycles possible","University awards; fewer full awards for coursework master's","Strong in Toronto/Waterloo/Montreal/Vancouver","PGWP/DLI eligibility changes; high housing cost; immigration policy volatility","Selective target; verify public DLI and PGWP eligibility before deposit","https://www.canada.ca/en/immigration-refugees-citizenship/services/study-canada/work/after-graduation/about.html; https://www.canada.ca/en/immigration-refugees-citizenship/services/study-canada/work.html","2026-07-12"
"Germany","Management and Technology; Information Systems; Innovation; data/analytics","MBA usually later; MSc commonly fresh-graduate friendly with strict subject-credit prerequisites","18-24 months","Public programs often no/low tuition; exceptions include TUM EUR 4k/semester for listed program and Baden-Wurttemberg fees","Moderate; Munich high","Many English master's; German valuable for jobs","GRE/GMAT uncommon but program-specific; aptitude assessment common","IELTS/TOEFL or prior-English proof","International students may work within statutory limits; verify current permit wording","Up to 18 months after German degree to seek qualified employment; any job permitted during search under current rules","Qualified employment/Blue Card routes after job offer","Relatively structured for qualifying skilled workers; German improves outcomes","Strong industrial tech/SaaS/consulting; German language matters","DAAD and university awards; tuition savings often larger than scholarship","Strong Berlin/Munich and industrial hubs","Rigid prerequisite matching; language; housing; some states/universities charge tuition","Priority financial hedge; include at least two prerequisite-matched public options","https://www.make-it-in-germany.com/en/study-vocational-training/studies-in-germany/prospects-after; https://www.make-it-in-germany.com/en/visa-residence/types/studying","2026-07-12"
"France","MiM; Innovation Management; Entrepreneurship; Business Analytics","MiM/MSc fits fresh graduates; MBA normally later","12-24 months","Public national degrees can be low; grandes ecoles often EUR 20k-60k+; unstable","Moderate-high; Paris highest","Many English programs; French essential for broader jobs","GMAT/GRE/TAGE MAGE varies","IELTS/TOEFL or waiver varies","Student residence holders may work within legal annual limit; verify current conditions","Eligible French master's graduates may receive 1-year job-search/company-creation permit","Transition possible with qualifying study-related job/remuneration or entrepreneurship route","Possible through qualifying residence/work; not automatic","Excellent luxury/consulting/tech/startup ecosystem; French is key","Eiffel plus school merit awards","Very strong Paris; growing regional hubs","French language; school cost; employment salary/degree relation conditions","Strong target if Deepan commits to B1/B2 French and scholarship applications","https://www.service-public.fr/particuliers/vosdroits/F17319?lang=en; https://www.service-public.fr/particuliers/vosdroits/F2713","2026-07-12"
"Netherlands","Business Information Management; Innovation Management; Business Analytics","MSc generally fresh-graduate friendly but academic-credit matching is strict","12-24 months","Non-EEA commonly EUR 18k-30k/year; program-specific","High; severe housing pressure","English widely available; Dutch helps jobs","GMAT/GRE varies; many use transcript/prerequisites","IELTS/TOEFL varies","Non-EEA work is regulated and employer permit conditions apply during study","1-year orientation-year permit; free to work during that year","Highly skilled migrant route after qualifying job; reduced salary criterion may apply during window","Possible through skilled work; not automatic","Strong digital, logistics, fintech and sustainability market","NL Scholarship and institution awards; mostly partial","Strong Amsterdam/Rotterdam/Eindhoven","Housing shortage; non-EEA tuition; capped programs close early","Priority balanced target; apply early and solve housing conservatively","https://www.government.nl/themes/migration-and-travel/immigration-to-the-netherlands/options-for-entrepreneurs-and-employees-from-abroad/orientation-year-highly-educated-persons; https://ind.nl/en/residence-permits/study/student-residence-permit-for-university-or-higher-professional-education","2026-07-12"
"Ireland","Business Analytics; Digital Innovation; Information Systems","Specialist MSc fits fresh graduates; MBA expects experience","Usually 12 months","EUR 18k-30k commonly for non-EU business master's; unstable","High; Dublin housing acute","English","GRE/GMAT uncommon for many MSc; program-specific","IELTS/TOEFL/PTE varies","Stamp 2 conditions permit limited work; verify current hours and dates","Level 9+ graduates may receive up to 24 months under Third Level Graduate Programme, subject to renewal conditions","Employment permit needed after graduate permission; Critical Skills route valuable","Possible through qualifying employment; not automatic","Strong multinational tech, analytics and operations base","GOI-IES can provide full fee waiver plus EUR 10k; university awards","Strong Dublin/Galway/Cork","Housing; small market; high living cost; permit eligibility","Priority English-speaking target; pair one Dublin option with lower-cost Galway/UCD analysis","https://www.irishimmigration.ie/my-situation-has-changed-since-i-arrived-in-ireland/third-level-graduate-programme/; https://www.irishimmigration.ie/coming-to-study-in-ireland/what-are-my-study-options/a-third-level-course-or-a-language-course/","2026-07-12"
"Australia","Business Analytics; Management; Entrepreneurship/Innovation","Specialist master's accepts fresh graduates; MBA usually expects experience","18-24 months","AUD 50k-120k total; unstable","High","English","GMAT/GRE varies; many MSc do not require","IELTS/TOEFL/PTE accepted subject to program/visa rules","Student visa work cap applies; verify current hours","Indian nationals: master's coursework/extended/research currently up to 3 years under AI-ECTA settings; eligibility rules apply","Skilled/employer-sponsored routes after graduate visa","Points and occupation rules change; no guarantee","Strong analytics/product market in major cities","Australia Awards/program awards; full coursework funding limited","Strong Sydney/Melbourne/Brisbane","Very high cost; visa age/rule changes; occupation-market cycles","Secondary target only with major scholarship or strong family funding","https://immi.homeaffairs.gov.au/visas/getting-a-visa/visa-listing/temporary-graduate-485/changes; https://immi.homeaffairs.gov.au/visas/getting-a-visa/visa-listing/student-500","2026-07-12"
"Singapore","Business Analytics; Technology Management; innovation","Specialist master's can fit fresh graduates; MBA typically expects experience","12-18 months","SGD 50k-85k+; unstable","High","English","GRE/GMAT/program tests vary","TOEFL/IELTS varies","At listed institutions, eligible Student's Pass holders can work up to 16 hours/week in term or qualifying internship","No automatic general post-study work route; Student's Pass expiry requires a work pass to work","Employer applies for Employment Pass/S Pass; salary and COMPASS criteria apply","Selective and employment-dependent","Excellent regional HQ, fintech, analytics and product market","NUS/SMU school awards; competitive","World-class compact ecosystem","No automatic stay-back; high fees/living; work-pass thresholds","Dream/strong target only for NUS-level fit plus aid and clear employment case","https://www.mom.gov.sg/passes-and-permits/work-pass-exemption-for-foreign-students; https://www.mom.gov.sg/passes-and-permits/employment-pass/eligibility","2026-07-12"
"UAE","Innovation/Entrepreneurship; Business Analytics; technology management","Specialist master's may accept fresh graduates; MBA often prefers experience","12-24 months","AED 80k-180k+; highly institution-specific","High in Dubai/Abu Dhabi","English widely used","GMAT/GRE varies","IELTS/TOEFL varies","Work requires authorization under applicable student/employment rules; institution guidance controls","No universal automatic graduate work visa; residence generally needs employer/sponsor; Golden Visa only for qualifying exceptional cases","Employer-sponsored employment residence is common","Long-term residence possible for qualifying categories; not automatic","Strong regional business, logistics, fintech and AI investment","University merit awards; government-linked opportunities vary","Very strong Dubai/Abu Dhabi","Employer-linked status; high cost; narrower permanent-settlement model","Backup for regional career strategy only with scholarship and accredited program","https://u.ae/en/information-and-services/visa-and-emirates-id/residence-visas/residence-visa-for-studying-in-the-uae; https://u.ae/en/information-and-services/visa-and-emirates-id/residence-visas/golden-visa","2026-07-12"
